window_mid_nt,pi,diversity
150.0,0.6194133913237322,high
160.0,0.6238210764893016,high
1450.0,0.6204488580652044,high
50.0,0.4723771762408667,low
60.0,0.5079854528848576,low
2900.0,0.41883981222208616,low
